0,300.745
1,
2,300.903
3,300.882
4,300.755
5,301.034
6,301.25800000000004
7,300.883
8,300.73400000000004
9,301.271
10,301.195
11,300.9
12,300.937
13,300.936
14,301.874
15,301.264
16,301.488
17,301.1
18,300.924
19,300.722
20,300.913
21,301.818
22,300.821
23,300.828
24,300.86199999999997
25,300.633
26,300.702
27,300.703
28,302.519
29,300.761
30,300.96
31,300.805
32,301.869
33,300.851
34,301.01099999999997
35,300.856
36,301.596
37,301.139
38,300.806
39,300.731
40,302.23199999999997
41,300.745
42,300.89799999999997
43,301.873
44,300.725
45,300.738
46,300.82300000000004
47,300.745
48,300.801
49,301.15
50,300.886
51,301.103
52,300.966
53,300.779
54,300.722
55,303.022
56,300.943
57,300.886
58,301.93399999999997
59,300.805
60,300.912
61,300.79200000000003
62,303.124
63,300.898
64,301.069
65,301.255
66,300.757
67,300.844
68,300.803
69,300.827
70,301.089
71,300.88
72,300.806
73,301.159
74,301.256
75,300.714
76,300.83
77,301.346
78,300.967
79,300.746
80,300.893
81,300.964
82,300.856
83,300.859
84,300.735
85,301.086
86,300.977
87,301.012
88,301.258
89,300.82
90,301.106
91,300.783
92,301.29200000000003
93,301.056
94,300.916
95,300.803
96,300.786
97,300.776
98,301.266
99,300.84000000000003
100,301.499
101,300.83
102,303.10200000000003
103,300.834
104,300.856
105,300.86199999999997
106,301.435
107,301.504
108,302.79699999999997
109,300.991
110,301.111
111,357.424
112,301.006
113,301.131
114,300.998
115,301.212
116,300.754
117,301.14
118,300.854
119,301.038
120,301.453
121,301.38599999999997
122,301.522
123,300.965
124,300.964
125,300.825
126,301.178
127,300.887
128,300.76
129,300.805
130,300.965
131,301.014
132,300.957
133,301.21
134,300.96799999999996
135,300.91
136,301.143
137,301.38599999999997
138,301.026
139,300.813
140,300.778
141,303.05
142,301.215
143,300.863
144,300.78499999999997
145,301.576
146,300.839
147,301.219
148,301.326
149,300.985
150,301.368
151,356.72299999999996
152,300.836
153,300.926
154,300.991
155,301.14
156,301.919
157,301.3
158,302.555
159,300.796
160,301.251
161,301.385
162,302.837
163,301.043
164,302.414
165,301.325
166,301.443
167,302.70300000000003
168,300.959
169,301.026
170,302.755
171,300.916
172,301.132
173,300.83000000000004
174,302.128
175,301.711
176,300.902
177,301.344
178,303.739
179,301.573
180,301.02
181,301.48
182,301.64300000000003
183,301.275
184,301.73
185,301.261
186,302.558
187,301.69
188,302.433
189,302.265
190,301.404
191,301.374
192,301.627
193,302.4
194,301.80899999999997
195,302.44
196,302.412
197,303.322
198,301.541
199,302.022
200,302.388
201,301.966
202,304.652
203,303.303
204,301.785
205,301.683
206,300.87899999999996
207,301.467
208,301.04499999999996
209,301.143
210,301.302
211,300.992
212,301.17199999999997
213,300.979
214,300.858
215,300.943
216,300.985
217,301.07
218,301.203
219,301.38
220,301.217
221,301.968
222,305.812
223,305.256
224,300.779
225,301.251
226,304.02
227,301.63100000000003
228,301.853
229,301.747
230,305.368
231,301.694
232,301.6
233,300.94
234,302.06600000000003
235,301.18
236,301.677
237,301.55899999999997
238,301.057
239,301.138
240,302.827
241,301.178
242,300.817
243,301.58799999999997
244,302.921
245,301.165
246,300.959
247,300.947
248,302.406
249,300.949
250,300.81600000000003
251,301.092
252,300.948
253,301.315
254,302.705
255,304.68899999999996
256,303.951
257,301.029
258,300.91499999999996
259,302.486
260,300.93
261,300.85699999999997
262,300.943
263,307.049
264,300.944
265,301.101
266,300.86199999999997
267,300.836
268,300.963
269,303.617
270,301.064
271,301.47
272,302.225
273,301.919
274,303.966
275,301.266
276,305.013
277,300.95
278,301.64
279,301.09
280,300.94100000000003
281,301.364
282,304.371
283,300.85200000000003
284,301.793
285,300.805
286,303.41200000000003
287,301.539
288,301.391
289,301.03
290,305.455
291,301.18399999999997
292,300.891
293,300.786
294,301.673
295,301.318
296,300.79200000000003
297,300.85200000000003
298,334.048
299,
300,312.801
301,302.58799999999997
302,317.313
303,300.806
304,300.951
305,304.006
306,301.008
307,300.901
308,300.843
309,300.812
310,301.20799999999997
311,301.029
312,300.81
313,300.89
314,301.666
315,301.073
316,301.17
317,302.203
318,301.09000000000003
319,301.13800000000003
320,301.095
321,301.337
322,301.01300000000003
323,300.973
324,301.804
325,300.831
326,306.141
327,301.352
328,301.119
329,301.431
330,300.902
331,304.577
332,301.14799999999997
333,302.714
334,302.509
335,301.279
336,301.569
337,306.71
338,301.335
339,301.543
340,301.662
341,301.61
342,301.528
343,302.099
344,302.35400000000004
345,302.889
346,302.084
347,302.891
348,303.539
349,302.535
350,308.471
351,305.93
352,301.767
353,310.348
354,315.932
355,319.627
356,329.982
357,322.19899999999996
358,303.726
359,316.693
360,305.049
361,302.802
362,302.81
363,306.626
364,305.26099999999997
365,301.405
366,302.704
367,302.653
368,303.555
369,303.565
370,304.632
371,303.669
372,304.432
373,302.37
374,327.77099999999996
375,313.243
376,320.047
377,321.651
378,323.86
379,316.25600000000003
380,305.318
381,304.669
382,302.446
383,301.47
384,307.166
385,305.23
386,305.389
387,304.227
388,304.712
389,301.051
390,300.85699999999997
391,302.681
392,303.267
393,300.531
394,303.858
395,319.664
396,301.525
397,301.634
398,301.134
399,300.66
400,304.832
401,302.529
402,301.68399999999997
403,300.222
404,299.76300000000003
405,301.40700000000004
406,302.289
407,300.133
408,302.646
409,300.888
410,299.906
411,299.916
412,299.9
413,299.711
414,299.822
415,299.776
416,300.437
417,299.887
418,299.716
419,302.092
420,302.208
421,304.506
422,308.322
423,314.714
424,301.96799999999996
425,308.09000000000003
426,302.13599999999997
427,303.33
428,303.574
429,312.027
430,321.31899999999996
431,301.733
432,312.35699999999997
433,320.818
434,325.377
435,304.36
436,303.737
437,301.428
438,300.555
439,299.796
440,299.718
441,304.052
442,300.163
443,300.117
444,299.921
445,299.876
446,300.675
447,300.121
448,300.049
449,302.90500000000003
450,302.146
451,300.224
452,307.943
453,307.231
454,300.03700000000003
455,302.72
456,302.79
457,300.169
458,300.04
459,304.702
460,310.636
461,318.405
462,309.868
463,310.89099999999996
464,311.912
465,318.998
466,305.142
467,308.642
468,308.834
469,325.866
470,311.92
471,318.993
472,303.277
473,304.805
474,314.827
475,299.76800000000003
476,307.533
477,302.272
478,299.889
479,301.14
480,300.843
481,307.18
482,304.367
483,321.123
484,316.855
485,310.084
486,310.721
487,312.508
488,300.182
489,301.46299999999997
490,300.195
491,299.85200000000003
492,300.057
493,299.879
494,300.491
495,300.893
496,299.839
497,302.051
498,301.298
499,300.07300000000004
500,308.428
501,317.352
502,304.497
503,299.988
504,299.967
505,302.13
506,303.701
507,307.29699999999997
508,320.42600000000004
509,322.53000000000003
510,327.391
511,318.611
512,323.408
513,325.584
514,319.88599999999997
515,316.55
516,326.546
517,328.909
518,324.025
519,323.082
520,325.125
521,325.33299999999997
522,317.302
523,321.151
524,321.021
525,323.067
526,324.22
527,307.128
528,321.065
529,326.99399999999997
530,322.301
531,310.834
532,317.57
533,317.19
534,317.834
535,323.383
536,327.51
537,324.339
538,329.289
539,328.918
540,329.326
541,329.296
542,327.263
543,326.92
544,324.168
545,328.175
546,326.408
547,324.103
548,327.248
549,327.255
550,328.979
551,325.997
552,326.92
553,329.121
554,327.249
555,328.93600000000004
556,328.25100000000003
557,327.983
558,328.781
559,325.351
560,329.621
561,325.296
562,328.38599999999997
563,323.705
564,328.053
565,324.55100000000004
566,323.541
567,317.81100000000004
568,312.85699999999997
569,315.354
570,302.222
571,304.337
572,302.44
573,303.442
574,300.074
575,303.344
576,307.717
577,300.097
578,300.94100000000003
579,299.767
580,299.662
581,299.822
582,299.747
583,299.847
584,299.825
585,299.752
586,299.998
587,299.769
588,299.685
589,300.349
590,299.626
591,299.734
592,299.66
593,300.13800000000003
594,299.678
595,300.314
596,299.582
597,299.699
598,299.59
599,300.062
600,299.738
601,300.669
602,299.795
603,299.802
604,299.68
605,299.654
606,299.669
607,299.659
608,299.642
609,299.644
610,299.592
611,299.709
612,299.652
613,300.005
614,299.625
615,299.743
616,299.722
617,299.604
618,299.75300000000004
619,299.538
620,299.591
621,299.662
622,299.588
623,300.361
624,299.714
625,299.777
626,299.573
627,299.71000000000004
628,299.85400000000004
629,299.652
630,299.581
631,299.704
632,299.684
633,299.6
634,299.536
635,299.569
636,299.684
637,300.80199999999996
638,299.87600000000003
639,299.759
640,299.59299999999996
641,299.633
642,299.69399999999996
643,299.77
644,299.567
645,299.512
646,299.539
647,299.761
648,299.666
649,299.663
650,299.645
651,299.706
652,300.107
653,299.81
654,300.53
655,299.57
656,299.80600000000004
657,299.645
658,300.451
659,299.624
660,299.56399999999996
661,299.60900000000004
662,299.777
663,299.594
664,299.688
665,299.56600000000003
666,299.703
667,299.524
668,299.564
669,300.399
670,299.709
671,299.589
672,299.827
673,299.56399999999996
674,299.634
675,299.537
676,299.584
677,299.54
678,301.23
679,299.666
680,299.56
681,300.368
682,299.605
683,299.662
684,299.621
685,299.577
686,299.681
687,299.531
688,299.608
689,299.56100000000004
690,299.573
691,299.614
692,299.578
693,299.515
694,299.569
695,299.695
696,299.652
697,299.638
698,299.599
699,299.60699999999997
700,299.62
701,299.59999999999997
702,299.567
703,299.522
704,300.193
705,299.699
706,299.584
707,299.573
708,299.605
709,299.629
710,299.664
711,299.705
712,299.578
713,299.553
714,300.359
715,300.367
716,299.606
717,299.57
718,299.59000000000003
719,299.613
720,299.777
721,299.656
722,299.573
723,301.338
724,299.584
725,299.595
726,299.889
727,299.63
728,299.702
729,299.608
730,299.505
731,301.284
732,299.555
733,299.684
734,299.531
735,299.706
736,299.596
737,299.632
738,299.786
739,299.831
740,299.9
741,299.995
742,299.587
743,299.595
744,299.553
745,299.574
746,299.677
747,300.735
748,299.561
749,300.022
750,299.56
751,299.531
752,299.541
753,299.572
754,299.738
755,299.61699999999996
756,299.626
757,299.606
758,299.612
759,299.584
760,301.455
761,300.358
762,299.978
763,299.627
764,299.766
765,299.601
766,299.632
767,299.581
768,299.673
769,299.497
770,299.618
771,299.596
772,299.578
773,299.659
774,299.54699999999997
775,299.593
776,299.93899999999996
777,299.645
778,299.579
779,299.623
780,300.14
781,300.02299999999997
782,299.527
783,299.594
784,302.211
785,300.307
786,299.543
787,299.539
788,299.575
789,299.611
790,299.55
791,299.712
792,300.994
793,300.192
794,299.543
795,299.596
796,299.569
797,299.512
798,299.556
799,299.629
800,299.57
801,299.659
802,299.728
803,299.704
804,299.588
805,299.574
806,299.526
807,299.655
808,299.946
809,301.106
810,299.55899999999997
811,300.396
812,300.426
813,300.13300000000004
814,299.581
815,299.55
816,299.58299999999997
817,300.735
818,299.606
819,300.036
820,300.445
821,299.632
822,299.807
823,299.618
824,299.611
825,299.571
826,299.779
827,299.70300000000003
828,300.124
829,299.567
830,299.539
831,299.62
832,299.57599999999996
833,299.581
834,299.63
835,299.582
836,299.60900000000004
837,299.62
838,299.56
839,299.631
840,299.819
841,299.59000000000003
842,299.552
843,299.596
844,299.613
845,300.401
846,299.798
847,299.785
848,299.61
849,299.657
850,299.691
851,299.62899999999996
852,299.91499999999996
853,299.591
854,299.594
855,300.174
856,299.62
857,300.195
858,299.60699999999997
859,299.57
860,300.091
861,300.087
862,299.973
863,299.568
864,299.922
865,299.524
866,299.583
867,299.589
868,299.589
869,299.548
870,299.775
871,299.66499999999996
872,299.633
873,299.605
874,299.63
875,300.117
876,299.621
877,300.304
878,299.464
879,299.543
880,299.532
881,299.639
882,299.62800000000004
883,300.441
884,300.09000000000003
885,300.151
886,299.659
887,299.623
888,305.847
889,299.83299999999997
890,299.75
891,299.76099999999997
892,299.902
893,299.685
894,300.01300000000003
895,300.259
896,299.574
897,299.6
898,299.759
899,299.897
900,299.766
901,300.159
902,299.673
903,299.702
904,299.613
905,299.81100000000004
906,299.87
907,300.021
908,299.701
909,299.642
910,300.889
911,300.879
912,299.73
913,299.608
914,299.615
915,301.355
916,299.798
917,300.064
918,299.792
919,299.588
920,299.683
921,299.76099999999997
922,299.571
923,303.303
924,300.033
925,301.227
926,300.46999999999997
927,299.738
928,299.723
929,300.061
930,299.966
931,299.95099999999996
932,299.675
933,299.8
934,299.683
935,299.7
936,299.883
937,299.61199999999997
938,299.672
939,299.888
940,299.609
941,301.83
942,299.70799999999997
943,300.292
944,299.82099999999997
945,300.06600000000003
946,299.80899999999997
947,299.656
948,300.66499999999996
949,300.132
950,315.441
951,299.663
952,300.042
953,300.635
954,300.082
955,299.831
956,299.60499999999996
957,299.973
958,299.84000000000003
959,299.769
960,301.356
961,299.851
962,299.81899999999996
963,303.549
964,300.303
965,299.951
966,300.356
967,299.633
968,300.639
969,299.796
970,299.724
971,299.728
972,300.517
973,299.818
974,299.589
975,300.248
976,300.375
977,300.134
978,300.072
979,299.907
980,299.903
981,299.77
982,299.95
983,299.866
984,299.676
985,300.177
986,299.691
987,300.269
988,301.104
989,299.918
990,300.476
991,300.01
992,300.221
993,300.117
994,300.509
995,303.28
996,300.057
997,299.951
998,299.933
999,306.804
1000,299.951
1001,299.967
1002,299.869
1003,299.941
1004,301.991
1005,299.859
1006,299.963
1007,299.739
1008,299.887
1009,299.994
1010,299.805
1011,299.88800000000003
1012,299.80899999999997
1013,309.018
1014,300.28700000000003
1015,300.074
1016,300.089
1017,300.19599999999997
1018,299.943
1019,300.107
1020,299.654
1021,301.717
1022,300.092
1023,301.036
1024,307.97
1025,299.896
1026,300.946
1027,300.356
1028,299.778
1029,299.793
1030,301.637
1031,300.483
1032,300.03000000000003
1033,299.866
1034,303.471
1035,299.693
1036,303.709
1037,299.736
1038,304.166
1039,300.164
1040,301.745
1041,300.3
1042,300.336
1043,300.334
1044,299.696
1045,300.063
1046,300.527
1047,300.542
1048,302.1
1049,299.91700000000003
1050,300.166
1051,299.788
1052,299.62
1053,299.766
1054,299.655
1055,299.933
1056,300.297
1057,299.706
1058,300.50100000000003
1059,304.524
1060,303.188
1061,299.947
1062,299.741
1063,301.428
1064,301.776
1065,306.3
1066,301.097
1067,299.88300000000004
1068,300.657
1069,299.898
1070,300.473
1071,304.262
1072,299.77
1073,299.676
1074,300.304
1075,299.662
1076,299.866
1077,300.236
1078,299.767
1079,302.24600000000004
1080,300.33500000000004
1081,299.723
1082,299.811
1083,299.62
1084,299.815
1085,299.937
1086,301.527
1087,299.682
1088,299.764
1089,301.234
1090,302.738
1091,300.025
1092,328.565
1093,331.7
1094,328.093
1095,327.49899999999997
1096,327.867
1097,327.808
1098,327.87199999999996
1099,327.692
1100,333.15200000000004
1101,327.684
1102,327.826
1103,328.32300000000004
1104,327.986
1105,327.68
1106,327.675
1107,328.219
1108,327.77000000000004
1109,327.538
1110,327.726
1111,328.117
1112,327.577
1113,327.95099999999996
1114,327.57099999999997
1115,327.547
1116,327.709
1117,327.566
1118,327.724
1119,327.58
1120,327.719
1121,327.532
1122,327.79999999999995
1123,327.80400000000003
1124,327.722
1125,327.687
1126,328.35
1127,327.731
1128,327.46299999999997
1129,327.7
1130,327.781
1131,327.853
1132,327.614
1133,328.49
1134,328.005
1135,328.074
1136,327.627
1137,327.562
1138,327.84999999999997
1139,328.001
1140,328.068
1141,327.58700000000005
1142,329.312
1143,327.597
1144,327.977
1145,327.88699999999994
1146,328.37300000000005
1147,327.731
1148,327.692
1149,327.717
1150,331.516
1151,328.498
1152,328.126
1153,327.604
1154,328.66999999999996
1155,327.47
1156,327.803
1157,327.72299999999996
1158,327.611
1159,327.495
1160,327.833
1161,327.50699999999995
1162,327.67600000000004
1163,327.458
1164,327.671
1165,328.317
1166,327.546
1167,327.72499999999997
1168,327.944
1169,327.606
1170,328.681
1171,328.091
1172,327.625
1173,328.128
1174,327.62399999999997
1175,327.841
1176,327.63
1177,327.988
1178,328.055
1179,327.564
1180,327.536
1181,327.61
1182,327.734
1183,327.61199999999997
1184,327.504
1185,327.44300000000004
1186,327.881
1187,327.566
1188,327.634
1189,327.514
1190,328.687
1191,327.52000000000004
1192,327.593
1193,330.16700000000003
1194,343.85900000000004
1195,357.245
1196,341.133
1197,337.924
1198,334.546
1199,336.704
1200,328.621
1201,328.44
1202,331.563
1203,328.767
1204,333.327
1205,328.69399999999996
1206,327.794
1207,327.738
1208,331.342
1209,327.90999999999997
1210,327.87699999999995
1211,328.526
1212,327.581
1213,327.534
1214,327.726
1215,327.426
1216,328.91
1217,327.52500000000003
1218,327.49
1219,327.507
1220,327.96000000000004
1221,327.554
1222,327.514
1223,327.586
1224,327.59200000000004
1225,327.788
1226,329.844
1227,327.54100000000005
1228,328.035
1229,327.461
1230,327.728
1231,328.072
1232,327.782
1233,327.71500000000003
1234,327.688
1235,327.697
1236,328.55899999999997
1237,327.978
1238,327.538
1239,327.437
1240,327.54
1241,328.071
1242,327.781
1243,327.60900000000004
1244,327.488
1245,299.651
1246,300.019
1247,299.873
1248,300.746
1249,299.909
1250,299.60400000000004
1251,299.859
1252,299.761
1253,301.25600000000003
1254,299.936
1255,299.902
1256,299.813
1257,299.971
1258,299.892
1259,299.75
1260,299.81600000000003
1261,299.77
1262,299.766
1263,299.683
1264,300.006
1265,299.734
1266,299.627
1267,299.766
1268,299.65
1269,300.319
1270,300.031
1271,299.803
1272,299.788
1273,299.954
1274,300.085
1275,300.352
1276,300.176
1277,299.779
1278,299.645
1279,299.863
1280,300.156
1281,299.802
1282,299.589
1283,299.687
1284,299.623
1285,299.699
1286,299.733
1287,299.598
1288,299.69100000000003
1289,300.03999999999996
1290,299.998
1291,299.886
1292,299.944
1293,300.00800000000004
1294,299.881
1295,299.71500000000003
1296,299.68600000000004
1297,299.733
1298,299.706
1299,299.706
1300,299.793
1301,301.179
1302,299.666
1303,299.68399999999997
1304,300.184
1305,299.581
1306,299.65999999999997
1307,299.719
1308,300.03499999999997
1309,301.554
1310,299.637
1311,300.041
1312,299.763
1313,299.978
1314,299.937
1315,299.845
1316,299.998
1317,299.815
1318,299.72499999999997
1319,301.075
1320,299.696
1321,299.739
1322,301.834
1323,299.624
1324,299.70799999999997
1325,300.073
1326,299.818
1327,299.66200000000003
1328,300.186
1329,299.954
1330,299.82
1331,299.83799999999997
1332,299.728
1333,299.887
1334,302.90000000000003
1335,299.611
1336,299.738
1337,299.653
1338,299.681
1339,299.797
1340,299.704
1341,299.71999999999997
1342,299.668
1343,299.692
1344,299.74399999999997
1345,299.82
1346,300.702
1347,299.687
1348,301.208
1349,299.893
1350,299.686
1351,299.624
1352,301.077
1353,299.79999999999995
1354,299.665
1355,300.287
1356,299.69800000000004
1357,299.922
1358,299.712
1359,299.67900000000003
1360,299.86
1361,299.594
1362,299.684
1363,299.665
1364,299.682
1365,299.626
1366,299.69599999999997
1367,299.66700000000003
1368,299.925
1369,299.655
1370,301.014
1371,299.63
1372,299.93399999999997
1373,299.9
1374,301.33299999999997
1375,299.649
1376,301.5
1377,302.84499999999997
1378,301.48900000000003
1379,301.35200000000003
1380,301.012
1381,301.231
1382,301.245
1383,301.109
1384,301.442
1385,301.764
1386,301.05
1387,300.973
1388,301.096
1389,300.959
1390,301.267
1391,300.962
1392,300.983
1393,301.02
1394,301.082
1395,301.057
1396,301.01
1397,301.01099999999997
1398,301.123
1399,301.054
1400,301.09499999999997
1401,301.079
1402,300.991
1403,300.987
1404,301.036
1405,301.105
1406,301.08500000000004
1407,300.983
1408,301.02
1409,300.987
1410,301.074
1411,301.032
1412,301.025
1413,301.03999999999996
1414,301.347
1415,301.082
1416,302.01
1417,302.235
1418,300.972
1419,301.205
1420,300.909
1421,301.561
1422,301.365
1423,302.04
1424,301.006
1425,301.079
1426,301.057
1427,301.436
1428,301.49399999999997
1429,300.965
1430,300.938
1431,301.23400000000004
1432,301.145
1433,301.42900000000003
1434,301.097
1435,301.124
1436,300.894
1437,301.78700000000003
1438,300.833
1439,301.532
1440,300.915
1441,301.009
1442,301.078
1443,300.996
1444,300.899
1445,300.927
1446,301.042
1447,301.196
1448,301.801
1449,301.117
1450,301.366
1451,301.26
1452,301.01800000000003
1453,300.882
1454,300.97
1455,301.314
1456,300.903
1457,300.942
1458,300.969
1459,301.735
1460,301.209
1461,301.437
1462,300.962
1463,301.149
1464,301.058
1465,300.981
1466,300.86899999999997
1467,301.034
1468,301.435
1469,301.038
1470,300.93100000000004
1471,300.966
1472,301.095
1473,300.981
1474,300.917
1475,300.99199999999996
1476,301.056
1477,301.386
1478,301.382
1479,301.276
1480,301.03999999999996
1481,300.949
1482,301.375
1483,302.116
1484,301.099
1485,302.472
1486,300.805
1487,301.049
1488,301.03700000000003
1489,300.983
1490,300.885
1491,301.564
1492,303.051
1493,303.324
1494,301.235
1495,301.004
1496,301.631
1497,301.022
1498,300.933
1499,301.029
1500,300.831
1501,300.94100000000003
1502,300.906
1503,300.943
1504,300.958
1505,301.035
1506,301.031
1507,301.184
1508,301.018
1509,301.712
1510,301.731
1511,301.035
1512,301.164
1513,301.192
1514,300.963
1515,301.381
1516,304.586
1517,301.133
1518,300.932
1519,300.996
1520,300.89
1521,300.939
1522,301.039
1523,301.153
1524,299.822
1525,299.711
1526,301.01
1527,299.838
1528,299.601
1529,300.536
1530,299.608
1531,299.851
1532,299.596
1533,299.562
1534,299.624
1535,299.73
1536,300.538
1537,299.622
1538,299.65999999999997
1539,299.58500000000004
1540,299.639
1541,299.8
1542,299.515
1543,299.966
1544,299.92
1545,299.677
1546,299.553
1547,299.849
1548,300.09000000000003
1549,299.776
1550,299.818
1551,299.564
1552,299.591
1553,299.855
1554,299.51
1555,299.564
1556,299.572
1557,300.049
1558,299.774
1559,299.538
1560,299.56
1561,299.565
1562,300.079
1563,299.53
1564,299.594
1565,299.592
1566,299.565
1567,299.671
1568,299.78000000000003
1569,299.618
1570,300.497
1571,299.565
1572,299.681
1573,299.611
1574,299.952
1575,299.656
1576,299.774
1577,299.591
1578,300.723
1579,299.576
1580,300.332
1581,299.581
1582,299.482
1583,299.646
1584,300.07399999999996
1585,299.969
1586,299.907
1587,299.821
1588,299.54
1589,299.609
1590,299.677
1591,299.61
1592,299.565
1593,299.745
1594,299.609
1595,299.796
1596,299.68399999999997
1597,299.937
1598,299.716
1599,299.574
1600,299.647
1601,299.80400000000003
1602,299.671
1603,299.577
1604,299.639
1605,299.603
1606,299.554
1607,299.55899999999997
1608,300.813
1609,299.842
1610,299.942
1611,299.721
1612,299.57599999999996
1613,299.723
1614,299.57800000000003
1615,299.699
1616,299.944
1617,299.516
1618,299.8
1619,300.041
1620,299.577
1621,299.63800000000003
1622,299.586
1623,299.729
1624,301.828
1625,299.563
1626,299.902
1627,299.647
1628,299.684
1629,299.656
1630,299.553
1631,301.642
1632,299.635
1633,299.621
1634,299.568
1635,299.60900000000004
1636,299.593
1637,299.79200000000003
1638,300.206
1639,299.63
1640,300.009
1641,299.57
1642,299.771
1643,299.581
1644,299.59799999999996
1645,299.568
1646,299.59000000000003
1647,299.608
1648,299.65500000000003
1649,299.597
1650,299.565
1651,299.605
1652,299.636
1653,299.65500000000003
1654,299.627
1655,300.404
1656,299.808
1657,299.575
1658,299.659
1659,299.602
1660,299.61
1661,299.606
1662,300.404
1663,299.606
1664,301.1
1665,299.693
1666,299.599
1667,300.53
1668,299.608
1669,299.78
1670,299.722
1671,299.81
1672,299.645
1673,299.604
1674,299.689
1675,299.595
1676,299.56
1677,299.601
1678,299.796
1679,299.831
1680,299.64599999999996
1681,299.59499999999997
1682,300.339
1683,299.603
1684,299.628
1685,299.631
1686,299.667
1687,299.658
1688,299.64
1689,299.924
1690,299.63
1691,300.184
1692,299.727
1693,299.649
1694,299.663
1695,299.815
1696,299.71500000000003
1697,299.672
1698,299.67
1699,299.785
1700,299.543
1701,299.662
1702,299.66700000000003
1703,299.707
1704,299.808
1705,299.799
1706,299.608
1707,300.183
1708,299.782
1709,299.85699999999997
1710,300.472
1711,299.60699999999997
1712,299.717
1713,299.645
1714,299.909
1715,299.654
1716,299.98199999999997
1717,300.161
1718,299.94100000000003
1719,299.97499999999997
1720,303.944
1721,300.017
1722,299.947
1723,300.08299999999997
1724,299.895
1725,303.01
1726,299.913
1727,299.65
1728,302.66200000000003
1729,299.755
1730,299.788
1731,299.846
1732,300.091
1733,299.851
1734,299.655
1735,300.342
1736,306.17
1737,299.784
1738,299.949
1739,299.69100000000003
1740,299.813
1741,299.876
1742,299.714
1743,299.924
1744,299.864
1745,299.646
1746,299.691
1747,300.026
1748,299.779
1749,300.096
1750,299.717
1751,299.733
1752,299.912
1753,299.896
1754,301.552
1755,299.694
1756,300.141
1757,301.87
1758,302.402
1759,300.057
1760,299.851
1761,300.087
1762,301.23
1763,299.737
1764,300.134
1765,304.41499999999996
1766,300.101
1767,300.97
1768,300.75
1769,300.319
1770,301.041
1771,300.22
1772,308.75600000000003
1773,299.882
1774,300.601
1775,304.398
1776,300.54
1777,300.087
1778,300.001
1779,299.813
1780,299.925
1781,299.79
1782,299.737
1783,299.826
1784,299.952
1785,299.723
1786,299.923
1787,301.762
1788,300.019
1789,299.875
1790,301.304
1791,299.993
1792,299.951
1793,299.972
1794,299.754
1795,301.41499999999996
1796,305.882
1797,300.01
1798,300.10900000000004
1799,299.73699999999997
1800,299.83799999999997
1801,302.391
1802,299.725
1803,299.84499999999997
1804,299.947
1805,299.919
1806,300.522
1807,299.705
1808,299.868
1809,301.257
1810,299.861
1811,299.736
1812,299.765
1813,299.945
1814,301.795
1815,300.079
1816,300.005
1817,299.70099999999996
1818,299.666
1819,300.215
1820,299.882
1821,300.07599999999996
1822,299.796
1823,300.955
1824,299.78499999999997
1825,301.46299999999997
1826,299.756
1827,299.769
1828,300.817
1829,299.83299999999997
1830,301.851
1831,299.772
1832,300.39300000000003
1833,301.661
1834,299.736
1835,304.14
1836,299.731
1837,301.85699999999997
1838,299.931
1839,299.76599999999996
1840,299.658
1841,300.063
1842,299.62
1843,299.697
1844,299.661
1845,299.818
1846,299.64300000000003
1847,299.677
1848,300.17900000000003
1849,299.889
1850,299.721
1851,299.64099999999996
1852,299.653
1853,299.909
1854,300.429
1855,300.086
1856,299.924
1857,299.736
1858,300.024
1859,299.67199999999997
1860,299.701
1861,300.388
1862,299.643
1863,300.421
1864,299.61199999999997
1865,299.79
1866,299.811
1867,300.249
1868,300.13800000000003
1869,299.75800000000004
1870,300.636
1871,299.717
1872,299.923
1873,299.613
1874,299.769
1875,299.803
1876,299.683
1877,301.73699999999997
1878,300.649
1879,299.949
1880,299.62399999999997
1881,300.075
1882,302.729
1883,299.67
1884,299.708
1885,300.118
1886,
1887,362.176
1888,362.27500000000003
1889,342.84
1890,304.913
1891,299.839
1892,304.111
1893,300.013
1894,299.817
1895,299.873
1896,299.858
1897,299.697
1898,299.772
1899,306.63
1900,299.697
1901,299.889
1902,300.702
1903,299.93600000000004
1904,299.749
1905,304.783
1906,300.416
1907,300.187
1908,301.898
1909,299.676
1910,299.726
1911,300.019
1912,299.774
1913,300.12899999999996
1914,300.79
1915,299.64
1916,300.063
1917,299.728
1918,300.967
1919,300.668
1920,299.795
1921,300.066
1922,302.697
1923,299.925
1924,300.026
1925,299.863
1926,299.905
1927,300.503
1928,299.738
1929,299.762
1930,299.759
1931,300.20799999999997
1932,300.61400000000003
1933,
1934,301.31600000000003
1935,300.194
1936,300.289
1937,299.792
1938,299.78700000000003
1939,304.29499999999996
1940,299.714
1941,301.071
1942,304.488
1943,300.046
1944,300.31399999999996
1945,300.146
1946,302.671
1947,299.8
1948,299.754
1949,300.683
1950,300.221
1951,300.385
1952,300.096
1953,300.53
1954,300.414
1955,299.787
1956,299.76800000000003
1957,299.691
1958,299.843
1959,300.14
1960,299.66200000000003
1961,299.695
1962,300.17199999999997
1963,300.164
1964,299.766
1965,299.89799999999997
1966,300.172
1967,299.78700000000003
1968,300.445
1969,299.91700000000003
1970,300.085
1971,300.774
1972,301.941
1973,304.916
1974,304.872
1975,300.124
1976,299.689
1977,299.766
1978,300.026
1979,300.045
1980,299.865
1981,299.822
1982,299.852
1983,299.983
1984,300.106
1985,299.793
1986,304.924
1987,299.73
1988,299.688
1989,299.72
1990,301.438
1991,299.722
1992,299.984
1993,299.724
1994,300.278
1995,299.764
1996,299.961
1997,299.69399999999996
1998,303.645
1999,300.281
2000,299.703
2001,299.948
2002,299.697
2003,299.758
2004,299.949
2005,299.875
2006,299.648
2007,300.214
2008,299.76599999999996
2009,299.65
2010,299.752
2011,300.076
2012,299.705
2013,299.892
2014,299.65
2015,299.751
2016,300.009
2017,300.29699999999997
2018,300.2
2019,299.99199999999996
2020,299.978
2021,299.666
2022,299.71500000000003
2023,300.537
2024,299.774
2025,299.712
2026,299.64300000000003
2027,299.727
2028,299.63
2029,299.68399999999997
2030,300.461
2031,299.72700000000003
2032,300.164
2033,299.729
2034,300.002
2035,299.685
2036,299.74399999999997
2037,299.744
2038,299.816
2039,299.687
2040,299.929
2041,299.61899999999997
2042,299.768
2043,300.418
2044,299.706
2045,300.298
2046,299.654
2047,299.904
2048,299.815
2049,299.602
2050,299.65500000000003
2051,299.753
2052,299.685
2053,299.721
2054,299.705
2055,299.812
2056,299.674
2057,299.992
2058,299.698
2059,299.866
2060,299.689
2061,299.769
2062,299.647
2063,303.756
2064,299.73400000000004
2065,299.799
2066,299.91700000000003
2067,299.9
2068,299.615
2069,299.645
2070,299.683
2071,300.545
2072,299.726
2073,299.706
2074,299.87399999999997
2075,299.54699999999997
2076,299.682
2077,299.657
2078,299.69
2079,300.395
2080,299.65700000000004
2081,300.567
2082,299.719
2083,299.718
2084,299.658
2085,299.728
2086,299.746
2087,299.912
2088,300.212
2089,299.694
2090,299.65500000000003
2091,299.818
2092,299.884
2093,299.698
2094,300.343
2095,301.781
2096,304.935
2097,299.654
2098,299.676
2099,325.92499999999995
2100,304.867
2101,300.999
2102,325.832
2103,301.858
2104,300.01300000000003
2105,300.489
2106,300.251
2107,299.631
2108,301.837
2109,302.499
2110,300.485
2111,299.65299999999996
2112,299.949
2113,299.82
2114,299.812
2115,300.017
2116,300.258
2117,300.306
2118,301.159
2119,300.178
2120,300.897
2121,299.877
2122,299.69599999999997
2123,300.76300000000003
2124,299.64
2125,300.013
2126,299.82
2127,300.01300000000003
2128,299.669
2129,299.709
2130,299.663
2131,299.68
2132,299.742
2133,299.754
2134,299.626
2135,299.681
2136,299.667
2137,300.18
2138,299.636
2139,299.598
2140,299.562
2141,299.603
2142,299.662
2143,299.778
2144,299.685
2145,299.722
2146,299.791
2147,302.031
2148,300.32
2149,299.608
2150,299.949
2151,299.724
2152,299.64300000000003
2153,299.56399999999996
2154,299.579
2155,299.81899999999996
2156,299.777
2157,300.07
2158,299.617
2159,299.703
2160,299.837
2161,299.854
2162,299.78000000000003
2163,300.054
2164,300.441
2165,300.71799999999996
2166,299.914
2167,299.662
2168,299.746
2169,299.749
2170,
2171,302.65
2172,302.188
2173,300.775
2174,299.616
2175,300.38800000000003
2176,299.921
2177,300.807
2178,301.16499999999996
2179,300.743
2180,299.987
2181,299.71299999999997
2182,300.096
2183,300.807
2184,300.655
2185,299.797
2186,299.738
2187,299.75
2188,299.754
2189,299.718
2190,300.002
2191,299.703
2192,300.36699999999996
2193,299.898
2194,299.701
2195,299.823
2196,299.877
2197,300.98400000000004
2198,299.882
2199,301.74
2200,299.66700000000003
2201,299.642
2202,299.706
2203,299.77
2204,299.728
2205,299.705
2206,299.71
2207,299.719
2208,299.71
2209,299.702
2210,299.958
2211,299.692
2212,299.70099999999996
2213,299.741
2214,299.894
2215,299.626
2216,299.777
2217,299.706
2218,299.632
2219,299.601
2220,299.759
2221,299.865
2222,299.61899999999997
2223,299.765
2224,299.663
2225,299.653
2226,301.579
2227,299.644
2228,299.763
2229,299.677
2230,299.659
2231,299.647
2232,299.965
2233,299.608
2234,301.27
2235,299.659
2236,300.284
2237,299.659
2238,299.598
2239,299.69
2240,299.712
2241,299.653
2242,300.66499999999996
2243,299.703
2244,299.58799999999997
2245,299.63
2246,299.692
2247,299.69399999999996
2248,300.004
2249,299.64300000000003
2250,299.69
2251,299.743
2252,299.697
2253,299.644
2254,299.847
2255,300.224
2256,299.782
2257,299.74399999999997
2258,299.685
2259,299.69
2260,299.717
2261,300.228
2262,299.96799999999996
2263,299.825
2264,299.656
2265,299.69800000000004
2266,299.702
2267,299.914
2268,300.257
2269,299.781
2270,299.678
2271,299.68399999999997
2272,299.985
2273,300.605
2274,299.74
2275,300.09
2276,299.636
2277,299.675
2278,299.674
2279,299.677
2280,299.65299999999996
2281,299.775
2282,299.649
2283,299.891
2284,299.705
2285,299.925
2286,299.696
2287,299.695
2288,299.717
2289,299.639
2290,299.615
2291,299.658
2292,299.714
2293,299.649
2294,300.876
2295,299.748
2296,299.64099999999996
2297,299.735
2298,299.712
2299,299.638
2300,299.699
2301,300.067
2302,299.833
2303,299.594
2304,299.708
2305,300.033
2306,299.644
2307,299.63300000000004
2308,299.601
2309,299.87399999999997
2310,299.613
2311,299.742
2312,299.61899999999997
2313,299.635
2314,299.627
2315,299.665
2316,299.701
2317,300.003
2318,305.206
2319,299.74
2320,300.122
2321,299.63
2322,299.718
2323,299.88
2324,300.759
2325,299.669
2326,299.57
2327,299.556
2328,300.047
2329,299.69399999999996
2330,300.085
2331,299.644
2332,299.641
2333,299.728
2334,300.38
2335,300.22700000000003
2336,299.616
2337,299.649
2338,299.62
2339,299.668
2340,300.698
2341,299.733
2342,299.64
2343,299.567
2344,299.973
2345,299.67400000000004
2346,299.773
2347,299.595
2348,299.606
2349,299.717
2350,299.623
2351,299.595
2352,299.636
2353,300.528
2354,300.291
2355,299.79699999999997
2356,299.984
2357,300.165
2358,301.403
2359,301.583
2360,299.631
2361,299.829
2362,299.63300000000004
2363,299.738
2364,299.672
2365,299.679
2366,299.707
2367,299.679
2368,299.671
2369,299.767
2370,299.757
2371,299.869
2372,299.63800000000003
2373,301.798
2374,299.613
2375,299.597
2376,299.679
2377,299.76599999999996
2378,299.897
2379,299.7
2380,299.832
2381,299.595
2382,299.63599999999997
2383,299.681
2384,301.319
2385,299.61199999999997
2386,299.601
2387,299.699
2388,299.74399999999997
2389,299.659
2390,299.718
2391,299.597
2392,299.594
2393,300.24
2394,299.658
2395,299.616
2396,299.651
2397,299.64
2398,300.57
2399,299.826
2400,299.756
2401,299.658
2402,299.694
2403,299.661
2404,299.627
2405,299.906
2406,299.676
2407,299.594
2408,300.335
2409,299.682
2410,299.697
2411,300.845
2412,299.652
2413,299.619
2414,300.66700000000003
2415,299.692
2416,299.791
2417,300.474
2418,299.743
2419,299.705
2420,299.681
2421,300.557
2422,299.694
2423,299.61199999999997
2424,299.69
2425,299.647
2426,299.7
2427,299.615
2428,299.633
2429,299.837
2430,299.627
2431,299.68399999999997
2432,299.683
2433,299.81899999999996
2434,300.219
2435,299.697
2436,299.697
2437,299.592
2438,299.644
2439,299.712
2440,299.693
2441,299.608
2442,300.87600000000003
2443,300.726
2444,299.651
2445,299.766
2446,299.698
2447,299.658
2448,301.56
2449,299.707
2450,299.78700000000003
2451,300.355
2452,299.726
2453,300.196
2454,299.671
2455,299.748
2456,299.727
2457,299.706
2458,299.671
2459,299.708
2460,299.672
2461,299.707
2462,299.724
2463,299.742
2464,299.906
2465,300.426
2466,299.738
2467,299.74399999999997
2468,299.683
2469,299.729
2470,299.839
2471,299.865
2472,300.053
2473,299.929
2474,299.701
2475,299.759
2476,299.687
2477,299.737
2478,301.57599999999996
2479,299.751
2480,299.744
2481,299.786
2482,300.144
2483,299.929
2484,299.646
2485,299.737
2486,300.599
2487,299.766
2488,299.727
2489,299.772
2490,299.745
2491,301.08299999999997
2492,300.548
2493,299.735
2494,299.889
2495,299.958
2496,299.68
2497,299.743
2498,300.181
2499,299.70300000000003
2500,300.027
2501,299.998
2502,300.376
2503,300.01099999999997
2504,300.246
2505,299.921
2506,299.789
2507,299.754
2508,301.181
2509,299.95300000000003
2510,299.89799999999997
2511,301.568
2512,300.14099999999996
2513,299.99399999999997
2514,300.077
2515,299.823
2516,301.272
2517,299.993
2518,299.833
2519,299.87
2520,300.57
2521,299.896
2522,302.722
2523,300.153
2524,299.95
2525,300.71000000000004
2526,320.423
2527,300.103
2528,300.128
2529,299.78200000000004
2530,302.878
2531,300.782
2532,300.669
2533,299.82
2534,300.02
2535,299.666
2536,299.877
2537,300.363
2538,302.056
2539,299.88100000000003
2540,299.861
2541,299.801
2542,300.986
2543,300.323
2544,300.368
2545,299.898
2546,300.741
2547,300.769
2548,299.97499999999997
2549,300.085
2550,299.926
2551,299.969
2552,300.451
2553,302.33
2554,300.33
2555,299.89
2556,300.064
2557,301.993
2558,300.513
2559,300.974
2560,299.706
2561,300.087
2562,300.641
2563,300.008
2564,300.167
2565,300.812
2566,300.547
2567,299.883
2568,302.331
2569,300.353
2570,300.16200000000003
2571,302.503
2572,323.679
2573,319.016
2574,312.601
2575,332.58299999999997
2576,300.347
2577,300.373
2578,302.823
2579,301.447
2580,300.85
2581,301.02500000000003
2582,302.235
2583,303.123
2584,302.008
2585,332.748
2586,329.164
2587,329.16499999999996
2588,330.204
2589,330.156
2590,329.902
2591,329.991
2592,330.498
2593,330.00199999999995
2594,333.12600000000003
2595,331.686
2596,329.85499999999996
2597,329.432
2598,329.04999999999995
2599,332.90700000000004
2600,342.601
2601,331.08099999999996
2602,327.932
2603,329.88399999999996
2604,328.902
2605,329.741
2606,334.33500000000004
2607,341.20000000000005
2608,354.033
2609,375.87600000000003
2610,337.218
2611,350.45799999999997
2612,368.327
2613,367.247
2614,367.33500000000004
2615,334.119
2616,331.916
2617,328.078
2618,328.798
2619,327.62699999999995
2620,328.69599999999997
2621,367.99
2622,330.279
2623,349.875
2624,328.909
2625,328.42
2626,328.184
2627,328.122
2628,328.94599999999997
2629,328.10699999999997
2630,344.584
2631,383.756
2632,344.96700000000004
2633,355.451
2634,354.207
2635,381.21700000000004
2636,371.789
2637,336.145
2638,388.48
2639,341.813
2640,344.903
2641,328.894
2642,328.78499999999997
2643,329.67699999999996
2644,332.505
2645,328.931
2646,330.95099999999996
2647,329.06300000000005
2648,329.541
2649,348.117
2650,330.07
2651,333.068
2652,334.054
2653,328.783
2654,338.676
2655,340.72
2656,376.517
2657,342.064
2658,361.86699999999996
2659,342.062
2660,347.64
2661,346.637
2662,370.906
2663,354.932
2664,350.437
2665,351.168
2666,350.372
2667,383.11600000000004
2668,377.332
2669,387.797
2670,378.301
2671,378.43
2672,380.099
2673,366.169
2674,331.182
2675,348.388
2676,340.016
2677,339.461
2678,352.034
2679,338.986
2680,336.10200000000003
2681,331.76
2682,361.46500000000003
2683,351.51500000000004
2684,391.561
2685,392.791
2686,369.1
2687,384.751
2688,370.264
2689,358.783
2690,359.48699999999997
2691,355.028
2692,347.926
2693,337.141
2694,334.318
2695,330.755
2696,332.366
2697,329.25100000000003
2698,333.121
2699,328.673
2700,328.412
2701,332.643
2702,327.63399999999996
2703,331.536
2704,343.189
2705,328.25600000000003
2706,327.647
2707,328.581
2708,330.32099999999997
2709,331.118
2710,329.76599999999996
2711,330.56
2712,329.46799999999996
2713,329.15
2714,329.118
2715,330.096
2716,329.81600000000003
2717,329.89300000000003
2718,328.85499999999996
2719,329.538
2720,330.226
2721,330.149
2722,328.521
2723,327.99100000000004
2724,328.697
2725,327.67199999999997
2726,328.813
2727,328.068
2728,327.722
2729,328.944
2730,328.568
2731,328.861
2732,328.171
2733,327.97200000000004
2734,328.148
2735,328.519
2736,354.197
2737,383.073
2738,370.17900000000003
2739,384.2
2740,386.488
2741,386.228
2742,381.864
2743,333.058
2744,328.30899999999997
2745,328.775
2746,331.03200000000004
2747,328.12100000000004
2748,327.866
2749,328.07
2750,327.751
2751,328.047
2752,327.756
2753,328.166
2754,327.693
2755,327.668
2756,327.75
2757,327.612
2758,327.773
2759,327.648
2760,327.773
2761,327.499
2762,328.53999999999996
2763,327.762
2764,327.892
2765,328.262
2766,327.562
2767,327.608
2768,327.73900000000003
2769,327.573
2770,328.224
2771,327.552
2772,328.01200000000006
2773,328.149
2774,327.675
2775,328.23
2776,333.436
2777,301.90500000000003
2778,337.45
2779,341.501
2780,359.683
2781,362.522
2782,358.656
2783,360.573
2784,358.539
2785,361.068
2786,361.275
2787,362.006
2788,362.431
2789,363.262
2790,362.948
2791,363.618
2792,359.911
2793,363.832
2794,364.374
2795,365.19399999999996
2796,364.376
2797,363.387
2798,363.82399999999996
2799,363.36199999999997
2800,364.475
2801,363.76099999999997
2802,363.885
2803,363.557
2804,362.589
2805,364.301
2806,362.85200000000003
2807,364.078
2808,363.666
2809,363.7
2810,363.53999999999996
2811,365.009
2812,363.897
2813,364.514
2814,364.261
2815,362.904
2816,363.978
2817,364.565
2818,364.55
2819,364.584
2820,364.742
2821,364.85900000000004
2822,365.338
2823,365.322
2824,365.077
2825,364.672
2826,364.511
2827,364.784
2828,365.071
2829,368.545
2830,365.315
2831,364.546
2832,364.81600000000003
2833,364.798
2834,364.197
2835,365.016
2836,364.536
2837,365.7
2838,364.64300000000003
2839,364.845
2840,364.457
2841,364.707
2842,364.58
2843,364.60699999999997
2844,363.97400000000005
2845,364.957
2846,364.338
2847,364.194
2848,364.594
2849,363.9
2850,365.075
2851,364.52
2852,364.325
2853,364.382
2854,365.032
2855,364.594
2856,364.529
2857,364.853
2858,364.406
2859,365.03000000000003
2860,365.041
2861,364.214
2862,364.99199999999996
2863,364.096
2864,364.617
2865,364.618
2866,363.855
2867,364.752
2868,364.116
2869,363.55
2870,363.31
2871,364.55
2872,363.218
2873,364.456
2874,363.791
2875,364.23900000000003
2876,364.173
2877,365.414
2878,363.96
2879,364.309
2880,363.06100000000004
2881,364.637
2882,364.232
2883,364.23
2884,364.30899999999997
2885,364.368
2886,363.879
2887,364.411
2888,364.56
2889,364.517
2890,364.50800000000004
2891,364.551
2892,364.403
2893,364.423
2894,364.31600000000003
2895,364.23
2896,367.123
2897,364.006
2898,364.339
2899,364.38599999999997
2900,364.55899999999997
2901,364.01800000000003
2902,364.066
2903,364.287
2904,364.644
2905,364.194
2906,365.264
2907,364.403
2908,364.556
2909,364.331
2910,364.349
2911,363.93399999999997
2912,364.611
2913,364.213
2914,364.625
2915,363.849
2916,363.41499999999996
2917,364.2
2918,364.008
2919,364.332
2920,365.928
2921,364.533
2922,365.43100000000004
2923,364.171
2924,363.46500000000003
2925,364.166
2926,364.312
2927,363.67
2928,362.876
2929,363.433
2930,362.622
2931,363.54200000000003
2932,363.334
2933,362.401
2934,364.625
2935,364.03200000000004
2936,364.225
2937,363.392
2938,364.125
2939,363.616
2940,360.938
2941,357.76
2942,360.628
2943,354.178
2944,337.111
2945,323.685
2946,320.656
2947,320.645
2948,300.723
2949,299.901
2950,300.038
2951,299.795
2952,299.88100000000003
2953,299.83500000000004
2954,299.696
2955,299.98199999999997
2956,299.731
2957,299.746
2958,299.734
2959,299.78499999999997
2960,299.902
2961,299.843
2962,299.776
2963,299.71500000000003
2964,299.856
2965,299.71500000000003
2966,300.28700000000003
2967,299.776
2968,299.928
2969,299.807
2970,300.097
2971,299.78200000000004
2972,299.726
2973,299.83500000000004
2974,299.688
2975,299.799
2976,302.291
2977,299.75600000000003
2978,299.788
2979,299.645
2980,300.003
2981,301.54
2982,299.694
2983,299.724
2984,299.72499999999997
2985,300.048
2986,300.85200000000003
2987,299.81600000000003
2988,299.891
2989,299.76
2990,299.73699999999997
2991,299.794
2992,299.724
2993,300.929
2994,299.694
2995,300.293
2996,299.849
2997,299.721
2998,299.69399999999996
2999,299.662
3000,299.723
3001,299.878
3002,299.988
3003,299.723
3004,299.716
3005,299.665
3006,299.781
3007,299.698
3008,300.012
3009,299.681
3010,299.72299999999996
3011,299.66
3012,300.31600000000003
3013,299.927
3014,299.823
3015,299.74199999999996
3016,299.677
3017,299.657
3018,299.68
3019,299.702
3020,299.75600000000003
3021,299.631
3022,299.69100000000003
3023,299.693
3024,300.06
3025,300.46799999999996
3026,299.668
3027,299.664
3028,299.649
3029,299.719
3030,299.663
3031,299.696
3032,299.602
3033,299.86
3034,299.659
3035,299.719
3036,299.757
3037,299.68399999999997
3038,299.697
3039,300.053
3040,299.771
3041,300.036
3042,301.079
3043,299.686
3044,299.67199999999997
3045,299.657
3046,300.727
3047,299.877
3048,299.642
3049,299.671
3050,299.607
3051,299.625
3052,299.631
3053,299.783
3054,299.73
3055,299.71000000000004
3056,299.65999999999997
3057,299.78499999999997
3058,299.751
3059,299.89
3060,299.692
3061,299.539
3062,299.66999999999996
3063,299.761
3064,299.85699999999997
3065,299.668
3066,299.777
3067,300.448
3068,300.199
3069,299.724
3070,299.69599999999997
3071,299.617
3072,299.96299999999997
3073,300.03700000000003
3074,299.733
3075,299.655
3076,299.65700000000004
3077,299.635
3078,299.828
3079,300.091
3080,299.70799999999997
3081,299.662
3082,299.711
3083,299.634
3084,299.749
3085,299.605
3086,299.681
3087,300.415
3088,299.717
3089,299.715
3090,300.407
3091,300.435
3092,299.894
3093,300.111
3094,299.838
3095,300.068
3096,299.671
3097,299.653
3098,299.59
3099,299.856
3100,299.574
3101,299.63300000000004
3102,299.688
3103,299.69
3104,299.719
3105,299.699
3106,299.64
3107,300.073
3108,299.87399999999997
3109,299.66499999999996
3110,300.075
3111,299.65500000000003
3112,299.625
3113,299.661
3114,299.69
3115,299.868
3116,302.01
3117,299.654
3118,299.681
3119,300.01
3120,299.587
3121,299.726
3122,299.77799999999996
3123,301.44100000000003
3124,299.647
3125,299.681
3126,299.668
3127,299.741
3128,299.64300000000003
3129,299.625
3130,299.651
3131,299.572
3132,299.603
3133,299.688
3134,299.669
3135,299.785
3136,299.652
3137,299.655
3138,299.666
3139,299.807
3140,300.091
3141,299.718
3142,299.651
3143,299.734
3144,299.61199999999997
3145,300.007
3146,299.687
3147,299.685
3148,299.73199999999997
3149,299.633
3150,299.716
3151,299.746
3152,299.588
3153,299.656
3154,300.339
3155,299.6
3156,301.208
3157,299.725
3158,299.635
3159,299.709
3160,299.64
3161,299.708
3162,299.69100000000003
3163,299.658
3164,299.624
3165,299.63100000000003
3166,301.397
3167,299.788
3168,301.379
3169,299.88
3170,300.096
3171,299.647
3172,299.562
3173,299.627
3174,300.845
3175,299.642
3176,299.78000000000003
3177,299.63599999999997
3178,299.666
3179,299.685
3180,299.64
3181,299.93399999999997
3182,300.239
3183,299.64
3184,300.039
3185,299.677
3186,300.063
3187,299.832
3188,299.625
3189,299.644
3190,303.68899999999996
3191,299.607
3192,299.887
3193,299.638
3194,299.675
3195,299.637
3196,299.71000000000004
3197,299.664
3198,299.625
3199,300.255
3200,299.621
3201,299.728
3202,299.728
3203,299.93399999999997
3204,299.596
3205,299.676
3206,299.619
3207,299.635
3208,299.669
3209,299.86899999999997
3210,299.636
3211,299.79
3212,299.742
3213,299.733
3214,299.677
3215,299.78
3216,299.65999999999997
3217,299.651
3218,300.133
3219,300.098
3220,299.664
3221,300.277
3222,301.644
3223,299.785
3224,299.986
3225,299.625
3226,300.166
3227,299.759
3228,299.647
3229,299.738
3230,299.711
3231,300.238
3232,299.789
3233,299.675
3234,299.864
3235,300.116
3236,299.952
3237,300.19100000000003
3238,299.68
3239,299.654
3240,299.64599999999996
3241,299.901
3242,299.65
3243,299.71299999999997
3244,299.646
3245,299.698
3246,299.669
3247,299.67
3248,299.808
3249,303.594
3250,304.019
3251,299.649
3252,299.991
3253,301.137
3254,299.73
3255,299.672
3256,299.649
3257,299.81600000000003
3258,299.836
3259,301.358
3260,299.652
3261,299.673
3262,300.095
3263,299.634
3264,300.021
3265,299.592
3266,299.822
3267,299.757
3268,299.894
3269,299.635
3270,299.73199999999997
3271,299.873
3272,299.82599999999996
3273,299.627
3274,299.692
3275,299.798
3276,299.721
3277,299.786
3278,299.651
3279,301.587
3280,299.699
3281,299.727
3282,300.305
3283,299.991
3284,299.70500000000004
3285,299.912
3286,301.43
3287,301.536
3288,300.783
3289,300.844
3290,300.786
3291,300.903
3292,301.007
3293,300.767
3294,300.755
3295,300.768
3296,300.769
3297,301.20799999999997
3298,300.70500000000004
3299,300.771
3300,301.44100000000003
3301,300.807
3302,300.79
3303,300.802
3304,301.28000000000003
3305,300.76099999999997
3306,300.771
3307,301.209
3308,300.716
3309,301.158
3310,300.818
3311,300.728
3312,300.794
3313,300.76
3314,300.759
3315,300.749
3316,305.872
3317,304.624
3318,304.973
3319,304.661
3320,304.755
3321,304.727
3322,304.664
3323,304.74
3324,304.714
3325,304.693
3326,304.799
3327,305.038
3328,304.735
3329,304.72
3330,304.786
3331,304.692
3332,304.694
3333,305.58000000000004
3334,304.71999999999997
3335,304.715
3336,304.748
3337,304.927
3338,304.909
3339,304.707
3340,304.74
3341,304.744
3342,304.75
3343,305.102
3344,304.706
3345,304.75100000000003
3346,305.555
3347,304.725
3348,304.939
3349,304.89099999999996
3350,304.979
3351,306.802
3352,304.731
3353,304.722
3354,304.87899999999996
3355,304.884
3356,304.788
3357,305.087
3358,304.60900000000004
3359,305.002
3360,304.704
3361,304.753
3362,304.766
3363,304.75
3364,304.705
3365,304.75
3366,304.694
3367,305.745
3368,305.079
3369,304.692
3370,305.438
3371,304.721
3372,304.847
3373,304.901
3374,304.741
3375,304.69399999999996
3376,305.06
3377,304.766
3378,305.053
3379,304.649
3380,304.728
3381,304.699
3382,304.668
3383,304.733
3384,304.902
3385,304.647
3386,304.682
3387,304.749
3388,304.77
3389,304.741
3390,305.073
3391,304.712
3392,304.718
3393,304.813
3394,304.854
3395,304.796
3396,304.858
3397,304.816
3398,304.84000000000003
3399,304.672
3400,304.791
3401,305.457
3402,304.723
3403,304.767
3404,306.198
3405,304.767
3406,305.657
3407,304.777
3408,304.749
3409,304.725
3410,304.783
3411,304.735
3412,304.825
3413,304.68
3414,304.846
3415,304.712
3416,304.648
3417,304.764
3418,305.074
3419,304.663
3420,304.747
3421,305.18
3422,304.924
3423,304.755
3424,304.712
3425,304.67
3426,304.665
3427,304.9
3428,304.688
3429,304.813
3430,304.944
3431,304.945
3432,304.736
3433,306.882
3434,304.772
3435,304.778
3436,306.15999999999997
3437,305.001
3438,304.844
3439,304.82099999999997
3440,304.78499999999997
3441,304.944
3442,304.78200000000004
3443,304.76
3444,304.766
3445,304.80600000000004
3446,304.942
3447,304.722
3448,304.791
3449,305.664
3450,305.363
3451,304.727
3452,304.824
3453,304.738
3454,304.755
3455,304.749
3456,304.793
3457,305.166
3458,305.28
3459,304.808
3460,304.745
3461,304.874
3462,305.17
3463,304.877
3464,304.866
3465,304.762
3466,304.916
3467,304.814
3468,304.729
3469,305.142
3470,304.877
3471,305.642
3472,305.843
3473,305.35
3474,306.103
3475,305.447
3476,308.234
3477,321.76800000000003
3478,326.334
3479,318.632
3480,319.30899999999997
3481,307.455
3482,308.576
3483,323.30400000000003
3484,311.79
3485,318.10699999999997
3486,320.08500000000004
3487,308.017
3488,307.561
3489,304.941
3490,304.785
3491,304.645
3492,304.776
3493,304.702
3494,304.811
3495,304.78000000000003
3496,305.102
3497,305.726
3498,306.251
3499,304.851
3500,305.235
3501,304.876
3502,305.85
3503,304.73199999999997
3504,305.28700000000003
3505,304.998
3506,306.166
3507,305.301
3508,307.479
3509,307.13800000000003
3510,305.015
3511,306.231
3512,305.061
3513,305.231
3514,317.294
3515,305.43
3516,317.371
3517,344.856
3518,363.477
3519,362.895
3520,361.107
3521,363.923
3522,364.108
3523,368.786
3524,368.454
3525,366.12
3526,363.358
3527,358.80899999999997
3528,361.785
3529,360.834
3530,365.832
3531,368.313
3532,365.794
3533,366.369
3534,362.091
3535,367.804
3536,364.755
3537,363.947
3538,366.168
3539,364.951
3540,362.76
3541,368.113
3542,366.772
3543,366.72900000000004
3544,358.406
3545,346.637
3546,359.022
3547,359.28999999999996
3548,312.906
3549,352.38800000000003
3550,330.305
3551,306.454
3552,327.004
3553,360.49199999999996
3554,358.19
3555,365.824
3556,360.973
3557,343.687
3558,361.517
3559,351.659
3560,365.801
3561,358.811
3562,332.713
3563,345.925
3564,365.474
3565,365.985
3566,366.37600000000003
3567,346.657
3568,344.885
3569,341.733
3570,337.105
3571,305.947
3572,304.937
3573,304.693
3574,304.867
3575,306.70799999999997
3576,309.589
3577,305.556
3578,304.926
3579,304.927
3580,304.707
3581,304.714
3582,304.923
3583,349.821
3584,367.339
3585,368.731
3586,369.144
3587,369.41700000000003
3588,369.41499999999996
3589,369.38300000000004
3590,369.683
3591,369.152
3592,369.092
3593,369.206
3594,369.94
3595,369.356
3596,369.627
3597,371.756
3598,369.148
3599,369.052
3600,369.44
3601,369.187
3602,369.07399999999996
3603,369.452
3604,368.991
3605,369.38100000000003
3606,369.445
3607,369.209
3608,369.60400000000004
3609,369.235
3610,369.147
3611,369.325
3612,369.597
3613,371.394
3614,369.421
3615,369.52099999999996
3616,370.26800000000003
3617,369.396
3618,368.963
3619,369.064
3620,369.202
3621,369.459
3622,369.39300000000003
3623,369.23400000000004
3624,368.89099999999996
3625,368.93600000000004
3626,368.479
3627,369.371
3628,369.11199999999997
3629,369.33299999999997
3630,369.43899999999996
3631,369.547
3632,369.116
3633,369.736
3634,369.33500000000004
3635,369.29200000000003
3636,369.648
3637,369.836
3638,369.562
3639,369.332
3640,369.583
3641,310.58799999999997
3642,310.396
3643,310.147
3644,310.041
3645,310.171
3646,309.945
3647,304.779
3648,304.798
3649,305.026
3650,306.375
3651,304.749
3652,304.692
3653,304.92
3654,305.183
3655,304.794
3656,304.85
3657,304.775
3658,305.107
3659,306.45799999999997
3660,304.943
3661,305.172
3662,304.824
3663,305.28499999999997
3664,305.622
3665,304.71799999999996
3666,306.346
3667,304.719
3668,304.627
3669,304.887
3670,305.522
3671,304.758
3672,304.741
3673,304.72
3674,304.773
3675,304.898
3676,304.786
3677,305.103
3678,305.147
3679,304.685
3680,304.692
3681,306.795
3682,305.275
3683,305.224
3684,304.762
3685,304.646
3686,305.53700000000003
3687,304.851
3688,304.726
3689,304.779
3690,304.699
3691,304.947
3692,304.777
3693,304.743
3694,304.725
3695,304.802
3696,304.678
3697,304.69800000000004
3698,305.552
3699,304.80600000000004
3700,304.764
3701,304.68899999999996
3702,304.758
3703,304.858
3704,304.826
3705,304.703
3706,304.714
3707,304.781
3708,304.758
3709,304.745
3710,304.738
3711,305.537
3712,305.725
3713,304.811
3714,304.793
3715,304.711
3716,304.71999999999997
3717,304.96
3718,304.802
3719,304.734
3720,304.771
3721,305.064
3722,304.809
3723,304.915
3724,304.799
3725,304.997
3726,304.868
3727,305.101
3728,305.052
3729,304.83
3730,304.855
3731,304.736
3732,304.647
3733,304.80600000000004
3734,304.945
3735,305.373
3736,304.774
3737,304.733
3738,304.76800000000003
3739,304.668
3740,304.672
3741,304.789
3742,304.935
3743,304.74
3744,305.314
3745,304.772
3746,304.946
3747,304.798
3748,305.05
3749,304.716
3750,304.764
3751,304.763
3752,304.789
3753,304.826
3754,306.55600000000004
3755,304.76599999999996
3756,304.757
3757,304.756
3758,304.801
3759,304.905
3760,304.745
3761,304.749
3762,305.371
3763,304.673
3764,304.702
3765,304.812
3766,304.65299999999996
3767,304.688
3768,304.69100000000003
3769,304.767
3770,304.758
3771,304.716
3772,304.695
3773,304.785
3774,304.766
3775,306.483
3776,305.067
3777,304.819
3778,304.85499999999996
3779,304.658
3780,304.846
3781,305.379
3782,304.96
3783,304.86
3784,305.558
3785,304.698
3786,304.679
3787,304.829
3788,305.039
3789,305.075
3790,304.727
3791,305.198
3792,304.711
3793,304.713
3794,305.285
3795,304.836
3796,304.72700000000003
3797,304.67900000000003
3798,304.73199999999997
3799,304.65999999999997
3800,304.818
3801,304.599
3802,305.10699999999997
3803,304.71299999999997
3804,304.783
3805,304.68399999999997
3806,305.011
3807,304.68600000000004
3808,305.167
3809,304.65200000000004
3810,304.734
3811,305.44100000000003
3812,304.804
3813,304.616
3814,304.716
3815,304.788
3816,304.719
3817,304.829
3818,304.709
3819,304.666
3820,304.837
3821,305.20300000000003
3822,304.681
3823,304.747
3824,304.692
3825,304.757
3826,304.738
3827,304.989
3828,304.731
3829,304.805
3830,304.743
3831,304.703
3832,304.843
3833,304.73699999999997
3834,304.805
3835,304.67900000000003
